id,address,city,country,photo
1,Quận 1,Hồ Chí Minh,Việt Nam,https://airbnbnew.cybersoft.edu.vn/images/vt1.jpg
2,Cái Răng,Cần Thơ,Việt Nam,https://airbnbnew.cybersoft.edu.vn/images/vt2.jpg
3,Hòn Rùa,Nha Trang,Việt Nam,https://airbnbnew.cybersoft.edu.vn/images/vt3.jpg
4,Hoàn Kiếm,Hà Nội,Việt Nam,https://airbnbnew.cybersoft.edu.vn/images/vt4.jpg
5,Hòn Tằm,Phú Quốc,Việt Nam,https://airbnbnew.cybersoft.edu.vn/images/vt5.jpg
6,Hải Châu,Đà Nẵng,Việt Nam,https://airbnbnew.cybersoft.edu.vn/images/vt6.jpg
7,Langbiang,Đà Lạt,Việt Nam,https://airbnbnew.cybersoft.edu.vn/images/vt7.jpg
8,Mũi Né,Phan Thiết,Việt Nam,https://airbnbnew.cybersoft.edu.vn/images/vt8.jpg
3133,Núi Bà Đen2,Tây Ninh,Việt Nam,https://sacotravel.com/wp-content/uploads/2023/11/Nui-Ba-Den.jpg
3142,Núi bà đen 10,Tây Ninh 2,amerian,"data:image/jpeg;base64,/9j/4AAQSkZJRgABAQAAAQABAAD/2wCEAAkGBwgHBgkIBwgKCgkLDRYPDQwMDRsUFRAWIB0iIiAdHx8kKDQsJCYxJx8fLT0tMTU3Ojo6Iys/RD84QzQ5OjcBCgoKDQwNGg8PGjclHyU3Nzc3Nzc3Nzc3Nzc3Nzc3Nzc3Nzc3Nzc3Nzc3Nzc3Nzc3Nzc3Nzc3Nzc3Nzc3Nzc3N//AABEIAJQA+gMBIgACEQEDEQH/xAAbAAACAwEBAQAAAAAAAAAAAAAEBQIDBgABB//EAEMQAAIBAwMBBgQDBwIEBAcBAAECAwAEEQUSITETIkFRYXEGFIGRIzKhFUJSscHR8OHxFjNTYiRDkpRVcoKTorLSB//EABkBAAMBAQEAAAAAAAAAAAAAAAECAwAEBf/EACoRAAICAgIBAwQBBQEAAAAAAAABAhEDIRIxQRMiUQQyQmFxM4GRobEj/9oADAMBAAIRAxEAPwD6QkeDTO2JK4OMUDLJHbxNNMwSNepNZ3Uvi+RN0enIFA6ySAE/QV25ZWefiXFmu1C8tLGBpLyZY0255PJ9q+dfEPxJJqR7K3UxW2fyg8v7/wBqTX19NeTNLPKzk/xHNQa4gCKscAWQdWJzu+nhULopJ8iTEAfwqBnGK4EtE7rnA/NjwqjtF/eXB67VFEI69gZnIaIsVMQOGyRwfas5CKKNp8Kat8x2llcXPaPGAYsjBIx0rRHcByOnFfOLW401XhuoQ63UJVgC2AxHnnwr6hBLBeW0c8DB0dQQwPBp45BuF9AhzXZzRbwqeapkiwDgirKSYjxtEYm2nkZq9SPOhRkVJSPWg1ZoyoLGKiFwTzVILHoavhzxmkaosnZ7ipLgGubB4rxQAaUYvCjGRXoFRDcV7uHnSGJ15moFvWuBoUE5vGvRWb174kNjO1taqhkAG6RjkA+gpEnxPqW4FrnK55BjXmnUWI5pH0DxI8RXhwetJdJ+I7O/KwygwTE4CtyrH3p3sPJ8qHXYyafREKKyvxl8VJpUbWloc3hGHb/pD+9aDVtUs9It+3vZAg/dQcsx8hXxbWbyTUtQkvZnI7dzyMZCjp09qVyFm6Wip5t2ZZpTk8ljzkmhZLgfusW8hV8dhI8RmYYiU4Zm6qMdcVZ+xJrRnXspZZim9GT8p+vjzUmKsUmByKs1jJMOJEfYQBgY8z5mhFJjfcoHdII46+dHRs0V01nqMbBmXcFU/vc4+maCnhcXBhU95Nw2sfTNax3Cjr61W5nuGtxhU74QD90/6mhlWEqC11ErEcqX5HpVEkrbsbj4j6UP2Mn/AErY+pfk1rFbR9g+KdYN1LFbxgqiDLDdwWrNvJubkjC/qarkmd5GZs56lj50K0nLdMEeFUlLYmgl1RuWyM+VCtgSFVYEAA92oLOWJCswIPXFV/iEKEjxH5suAaSwoLPKM5IIB2nw/wA6VWO5jDEnHAB6eNesV7Vo40ChevkKi0oEhQLkkYGB9ePtWbGo9J6mVsMOcdOa0Pwr8TSaRKqTCR9PkPeUDd2Z8xWaNwOdzFiBxuHhTvTvl4IY4brsWWZf+YeRz7UvKgR2fWEuY54I5oHDxSKGR16EedeTZwOKyXwnqsNpdNpLzq8PLxPuzj/tHpWyQq0auDlD0OK6Mc01oo14Av0rlBNFuqNxjFQjjK+GatztEfTaZFVI6HjxqxJVFd4cVwUHrS2UquiwYbnPFSCH2pRdavHC/ZQLuOSMt04qNrrbLIBcBSh/h6ikYbQ6IAXLEADzoSbUbWLgEyH/ALOaC1nUY5oUjt5MqTlsDFJC/l4+VZIzlRpDq9sEyqOzfw4xVdzr1pbWclwQ5ZFz2eMknw/Uis9u4460Fq15ClrJBKQzyDAUfeg6QvIRSXDSvvySWOT71XJI37wOPSoSu0jbiG55Az1FR3uvQEfSpPL8EmWpLKjo8RbIOa00Xx/Nb2bR3MSzTkdyRXC448fWshLcOcCLPHUj+dATK6x93vIfXik5hTa6O1LVL3UZRJe3MkjHunc37tCMpnljQKATIFGeODXpTuYJyx8v5VB7h7a47Ndj4ZWI8GOOhoN2NDbN1DAb20WLTo1CoAHVlzvbxBNHWGn/ACyxohLMABsLhwPT6EeVKrNnt0BsbmKGQRiR496gycdCDUoviSyMb3bXUH4aAyk8lieqqMeeKRs9G4pbEHxZfwW19D8vARdwsGnd04OPD2yTWda6WWdrmfaJXYtk9MmiNQ1NNRnlmMRHaMF7w7qgDjHvkmlvZquWEm7zFK5HDkmnLRxMUkmxXyTwAn+cUO0LhiAiYB82/tVrR9riNBvJOV46Y9qh8r52sufHEdDkTo1sM0PbIJMtE3U+XFCkkEFo8oT+bOMioRJ2yrJvCQK2OQRu9BTsxW/YmWA8OO/sQtjGOKXJ9QougWhEt0JJIosqEDeI5PvR6XttFlDHLKMnaWOFHHUVVHdIblopYEYcBpNuSR41eLGGXfs3xRhSSOpzjwowzW6Y8bbo8lvLUAgwdnuHcA65/wAP6CrNNu9NDHtS8UgQ94rvBbB5x6GgrqWyUKyibIQbXZBh2wM9CcCqJRGC0fCkbezPPJJHGKq2/A7bTGkaWq3cBV2eESZkBTGV+/HtVd5PCqyW9sg7ESsQcDkZ4+mKDtYrxZsNmNxle8w3evGKKtbAyxpJnaXww3KScEbskdfHyqU512I5vpIqjfCrsZ4yOnOcUxsdd1LTT2treyIF5IJLK59VNWSaYiEr8zvI24URjcx/e8eMeZwOlDmyVHLMJVC8lgm4EeHQ4/XxoRzR8MCaR9I0fW+31DF9LGpkiGzacKeAeBn1p2t1C8rxRyhnTG9R4ZGRXya3075ho/mTLHGYwdzkDaqnp6cCpW91HZTtJY37kZ7gkjkOAOnh1x6V04cto6JPk9H1ndx3SD6VlfiH4403TbGWMSP+0A2w22CrA+PJxx61nh8UX6ju3qg+fy7f/wA0u1e4i10RftSeOZojlD2LDBxjwWrSnaNVdiibWtWvbpbptRtbZR+W3Ugqo8jzyfWnOmfFcCRt89NFAwBJPab0fHkeo9qXR6TpCKVBjUHk8SY+vdqy+0LSSyxxwo6YDHvNwSAfHBHUcYqacrGfGujXW2p212sRilBMo3Kvj9qI3ccVk9Ng/Y8DLYRJCjncSqgkn3zTg3F47v8AlCqTjptkAX8wPgCfA8in56shw8ou1DUTbOIkHeYZJ8hSCWWR2LNJ65PjXt1dQKrXFxdw7i4VSz7B45wTwT5Z6jPlQt1fWNvbmdmFwyKC4TgDnzOM/T9a53k5dCU2WiWTaxjUlM85P8vDNR7VGQAHvjjBG4/rSZNfNxeKcyJliEK8j7D+1NUWOVEmuX+WlON6jmN+fIcqffj2pGm0HhfR46yYxiLHXO2hZS2wkP2hxjaBj9fCi4kiuFbs5kyhwIkdXO3+I7W48Bz69ag1jPvDBezfPHe4z/U1J5OP3CNV2ASRuFYiPEinjB559KEilitplcDdMp3EMCV88GmEtvedu6sVMic/iP3iPSh3t5DIrRbEY8NsAcjjAGM+/PpQ9W+2BNJkL+9muQ78EMBuPoPXGftQkCAKWU72znurgL9atuLFxE0zySIp/MdpUn78UtkvOzLLGzkZ6t1pk0+gtuXkYfjPwJQjDoWAb+dDzCFWKt2bMvgEwSfel/zNzIArZ3jnIH9aO4kgElzHgAE8+PrWarsNUWW7tMp3IqBRgqhzxXnZMee1b/7ZoRYJirMowuO9jpXvZ3fqfXtev60tGpH0i5tNNtZ0kg7MBwD2Q7yZwBx9s89TSu4lt4LjEVtJ2SuAdqhCxwecml9tc5iPawt2h6gtj+lHNeGJlMMUMBxxuQFm45JJznHhUJSt7QW72wyPT2ubA3lvp0UkaR57sjFsbvAKMsc+H0qCatKhZrfRZpGiZjIpiYBATzx+71pPqPxJrUk2Vv7hBGO6EkIU/Qcf56UtWzm1Jo5b+UYlcBzLKx73njOa6XNSRVJPo00V7FeRhjYW8atyLdipwM4PGd3Xmmdw9kLQxwKgliXfj5MZA8cZz9KzNlZjTZZjbwW01wygDsBwM8nPn9as0+K6vnHbsB3mUQsofdzyeBxx+gpZvNk9sQTUk/ahvCytEG7Azvgnb2arjI5zxwPeiV+cuGKzXMcEO3b/AMxspgfu1nLuLULBZWMrtFGx4jwAwHXJ8qnDqKJZLI1vCsrcAN4AfyGPLzrkljyRe2RblF7Df25pMcjJ+MyA4L7hycnkjHTj9KsstZhWSbfEyq5yHE3Kk8cHrjOOKzbSxXcrJHBDnr2yjGWz75rmsflJBDHPbzysCxMXUHxGRjvGj6MV32Oq7H2ragkMW6FpJrbu/lYFm4yc8+dAafqSarc9hbwzIUG5i64AGeT60V8zFZ2zwvFG02QXLLuVeOnqB65qmLXo0hfbbxPIVYL2ahG4PiQMjz/lV45skYVFFFlSjSQwktSI2aNxKwUkLGCWbHUDw/WhrRzM21o54ZAu8RzRMrOviQP8NVy/EM7MsNraugC5wo4Ynw8zUBqZQLFeRSuWPEWN54548jWjm+o41IVZZ/AwRFkeWM2s6qqnExUkMcdP9ueKr07WbbUtRe1tLd7i5jUtcEKFXAAUM3jkHA4rGTajOl7It3dzZRuElYjYVHB29K0mn36JaCVoVhvZlAlktwIy6c4zj3/1plky44vzY/Nr7hmlldDe8U0MZlRu802QPLII86W/s34mF3DNeXdobZAXkijkKq2cjGMc81DU78rE00YVnHWMthtviBikx1GKa53BW7QuSHMhXI+/+lLi9VJ/DFjN+Ea+00mWOV7iW1j/AOxJZlIHGcgH60PrOiJeRyz8GeRlDuu0nPl6/wC1Z28129VIoopXeNkwcEqAc8YPj0phb69ds2NSEiyoo4OVPiMdM9PH1Nb/ANorQXkmo0kJjomoQ3UaLaXHfOBnBH9q0NpZaVZmNr0RSXYfkIcumD6V6PiGKcNGTjflRtAyvl71nbyxu7S7nYQyPGp/5sSnDgDO7joeRWTyZPb0JGTlpaNXdXukai80do62d3yAyp+Y+Bak01prm92NtIYd2BslDKceIGeRjPSkME73c8Nv2srEnDOByR/andzqssTtG0GVUZLePHTkeHtQ9OUH8/yLK0e/trUZbg2L27GaEABHiyy+mf8AOtEtrJiUG7i7OaNiQNuwH186ofXLQ27AMzBAABjGf9OnFBXF/DqUQhlLKBhkYcEHPhzWUE39oqW+hpDqfzpylp2/Pe2HoD6Gq2s41WQxqIt3DiXEhI8+DxSNFZVYxHdgZ4bG3HU0yaHUkgFxIx7NWwdx5x58/wBKd4+L9ozxvwd8kHjMltICiNgMpPd9Dxx9aHkt7suS7oU4BUSLlvenVvqcoijUXUG1OQJccf8ApP8ASp3+s3KxnsbiykI8wSQfrT+NsqsarbMvP8xErL8mWL9Dv6e1V/NTL3fln44/zmmx1u6f/mwWrd7PehB8fWqxqz4GbOx/9un9qFx+RfZ8jqeFo4ozLIzDoCFAwMnrjmqZFHZBzuJJJHXOOR4+5pk1lMlmWh3SpnBBIHHnQkkEzRMUIdMnAB5HJz/npXKovyRp0AdqQWYwrIpAHeOdv1AH3B8Kv3W1rCiYknw+ZkR1G7HgDj+vvQsisoIwcMcAZ8aq2McqV9weKqnS6KQlxN5AYobeI6e6W4kG7OwNweeQcHpj+9Q028jtL14O0t1kBBlCKMP6+n+tY6O7vFCFZ2JHTfnI9P5UVHql6ADPDbT4x33GG4q0csaOmOVM22oWFlqJ7aeV41jBJCEYYeXI9PCsxe6K10xe1eKOEDDdqWTJ8ONoqtNeRCPmLaWMHHe4dQc+QOf09Kf6PrMPyeIkW6TdkyAkcnw7wHHTjk0W4tDcIzZndI0GOeJp3+SkALhY1lZAG9eCfA498+zJNBuyzGKCCKMr+aOQsR9cfSpT2xl1GSeNUHaHKJLCVEfHPPl6+tXJd3tt3Se0Ge72Z3bvQAE59qWUITW+xXhj5M9qWl3NvYy3F1JK5RiwD5O4+PTyrNW11NeXKrEGWI89DznqCfp+tfQ7nXraMdnqMRRs4InTbz9a8tdRsky0ZgjVeRtUGmUUlQixRRlZ9NuLWJJFmRy7DCEElB3ueQOPr5UJpVhcXEiSSXkIAYDDSHgj0APl19a3zazZyK0UtxGyMOVfkew5qEOp6ZY7lshDCpB3BIeDR43pGeJeDCPb3Vy4kNtJkNlnkyzMOvlQ+rPKJZXke4hjVdxXb+YZVcDPuPvW5l1mB8rG4L4yQsYGP1qOn2FvrReWWRC0DRtyBghmBGc8EEoK0Ytdhjh/ZhIkGoxNDp4uu22jr5H+Lwo6w+E9RllQXjMkHXdEAzZHoSPv+hrbXtjHZN8xY7Jrjux9lCgz1POBVZ1K+jgtx2Lb5QSv4iAAcY++T4+FGm3odY1HtAlx8M3Wodl83qd+yRqQirAi4/8Ay/zApfcaBqsrwG5mvpjECFLyR7R18+vH+9OmvdScRL2skZ2ksB/+pOPb9a9d79gwk3kDkMM4Ycc4OK1P5H4R+BNZ2EcNxHFIphBcKQ0oyBzk8L7eI+tNtS+EIdRgVrfVXiQLhSrZUg858M/2qLTSwDMs4WI8szDG0eZyePrihJtRsY2xNqVo4B6rOmfTgEnypKT35MoRi7oom+D4rJB8jd2sU35XdMlmBxnq3HTIqv8A4ccTkvc3W0rlmERyT5Y54NS/aelMOdUByNvdz05zyFpzbak1rpskjzqYQxbdv3BRj8vPPtR4yezNQkxFc/CtxGFVbmMx53YuIiM8+eR6+FX2ugaYNnzSxtJHxmNmxx6V5cfEtrcbC9nO0sWFGQABjk5GfWq4/iUiPYkGeuAXAx08AOtZy12JcEH3ml6fcxBDCiOTxIBjjz/0qiO1lWERXN5Haqi4ITbh/U5B/pS27utQuyTgwL/0osp9Sepqy1+FNUuoPnhbqYMbjNIwzgdTzyfOl5/CN6nLUVZ5qItbjDSavauUG0RxRhOPfPXpSSQd7ggj0Oa0Wr6VpmlQxf8Ajp7iWYcLHGMBcHDnHHpjNQ0G4061uY/nrWExhgXkuHJx1HCgetLKLf6JuDnKnoSW1ncXk6Q2sLSzP+VVGSaYf8K6p+9a4PiN1NNRu9Ngus6Td3AZVws0MWwY/h5wQOvNLH1O8ZifmZ+Tn/mH+9BwjHyI444aY5t7p3Enao6q+FEad3nHQ0dpsUpSSOKzaPYcAtw2MD79TSG0uCsjRhWU5J2EZPXPXwxWkt9RS1M9zLPLIAqYVQGK9c+PTG2hCr2Tj+zyTSo3hBxz0J29KT3enIGbs8demMVt1kF3Ek8WAjjgB8j9KEuLVHyUXDDqd3+tWlBNaKNaMMiNayljFDLwRtkUkfbIp5FrTw9k0Fjp8TMrrL2CYLcYB7wO3AJxg0Xd6eP3+zc9c5waVyWHeIVQPElZOn6VJKUXoCbRQzfNdo06W6biTtiGST6mqYbK9tz2tjczQ5/OucofdTx+lMYrJiwBOeM44PH2rQ2enEx7eyGT49mf5kUEpN29BSk+jJXbavdvbsl88bxgD8IY88BlJKkDqOKaiG8srRJrxTcwcFpkOwpj+IDqOacpptpBOwlnhLryw7YEj3AGasfVrV+ygigvZoydpkSDugngdTVISUv3/B0xx5fIkJvWs7cxhfk+yYqoTO8Y46Y46ccUG3w9Be25+W7FZo33NhvzKRnp4EH9CKYanFIYPldLuIrdn3TNLPaK8m09BtHAHuCaW2W3TcXM+oXFy3ES4i2Ig8jwoH5uhDdRx5uk/g0lTpnN8OrcoY1eGILjeZiB9B5niqUtrDTLieFrdBIWJXtgCUx4DI596Mvv22MXUep27MTzbpHmBk8AcYOcE5PH04qDpLqtvJHelLVlIDKtwHRh08RkLz0zxSybhs0IKWga9m07T5Ctw6LK0RCxxKCyhiSRtA7pOaXNryZ2Q6fPNg91pX2jbjnjnH2pz8lpkdyY2uEa4cBjJuzn/wCrnyxUUsE+ZMcdp2kgZlJJ65IwT5cA0JSlGKfyZW58Uq/2DWmpxSW/avYXAfb+IISCmPLPFWC9kv3e0tLOGy3uCZQQXRR4HwbyzVmmzmG4jitbS7nim3MYDGFCuBwclvLzIq63tbzU7YL+y49gYxypNcGNmAJ5yC3H0powb/uUWaca5LS8fJYt9LcSQmKMTCABXKAqmRnkYOC3eOfpSrULi9BWTZAI4pi8JVTuTgg8+oPtmta2grLp9raxSG1EIx2duGfgkcZPPh1ouXSIBbJGOVAwN3JNGOOUUJlyxlFcVTtnyiHT47m4HZ2duGY/+VFgL7U7b4YlRQOz2Njvbl24PtWuX4fUSK0N5cWwH5liCEH/ANSnFEf8OW9wT8/qF9dDk7Wm2AnOQe5jkdPXFBYm6tkIxi4+57MLd6BLbWbXEo7pxtbwNeaTDp5lMd5qXy0rkLH8tntCx8Gx/Wvo8ej2Vrpr2tsGRHUBiWLE+pJzk9OazOoWsGl3gX9py2cgjZisSRs7L5gspxnyo+jxloEY1IXXugpaX0kElvdvA7H5eeQBS2M90gnOePar5biSHTGsl0uxiUgqzytvkOOh6cEUdeWFrcSz2t5qdzfTwyBvxrvaCT0ICcZAwOc/pS+4tltu6ocxDJXdk7fr0NTnDjBa2GclH7UUQs7IDNsEnnEpTnz69faqbpBKG7We6kDdRLcO4PuCcURaw/MGXezJDChlnkUjckY6sAeuM9OarcW1xE9zZTl7cE7DKQrMueD5n7D2pVGbjyJ26sWrcRwXAS1sXWKNcBlYoGbJ5x5EAceteTSI8hYQ9kvhGrEgferJCT4Y+tUH1oTm5KhJzcit3z4Gq93/AG1JyKhU6TJh1uphmfLttII/P6dab6fcHtWWKNDBsKs232PQnk0kmfs5dsIaM7RkdcEUQJUiiDR7Sd3dYDpkcgD6Zptj+TS29/cxIFsLKOVWOFBIjyfv7UTDrOqOeyHw0yyDq8kqBfsWrLH4j7NiULbAyEBYyAMEZzx/mKdt8UysqJFYzSlgu4mMhsHwGf51bHFfkd0cnGKVILh1XVRvW7+FpzJyVa3u49hHrk8VBtRl7ORtR0K5tSCFREVZFc9OWDYXr1OB71bYX9+mjxSPZNLc9oy7XbacbiQc/Wlclv8AEF090OytoIpmDMrS5zjp4eg+1Pxxt9f7KRlHd1X8D+JblmYTx2cJKjuxwjePr08PKvbOS1bt/mNTlk7BisrSzgKPPgYFK9M03VYLgzXOph2ZQGIjBJUfukmi00C2M7SyPMWZiQVk2df/AJcVuGOPSE9Wm9/4Jw/EGlQSW4RFUTZJmVCEReQGLEAYPvn0qm51+8mvLyLTbW7nKBQjCEhTwe8C2306GjLXQNOtws0dlBuDH8ZxuwfLcelM2t7eEK8TxThgBsXhR6UXlXXkFN++tGa0fS9SvVYXwXsZY1URQtlwAMYDDGOPf3op9E0yAGRrczSZ5yTI7Y9/H3ppJJNNF+JN8vI4G4QEIBjw6dKEmv4UlkgJZWji7Vun5TkDH1U0ilkkrDpv5/4UXbdmT/4FxaKpIaOQZC45yuBk48hVY0yyQpLHbIhRsjtI1bA/v6UJJ8R2U2RZZmAxkojHOeoGB1Hkaq/aepS3DCCynltXA2h8R59Tz50KcvIra+KHLQhiXtxAJAMd1VUA+oFA3NtqO2QSGxhV1Ks6h2b9SBUVtdVmkkkk1DYGz3BEGxu65Pj/AEqD/DryrAJtSuJVgOY1ZF456ZxnHFMuNUwepxncWLLGTUVu3ia2vJoYu7EY4ViLdQDuY446+NOdOttT00G4uHW3tIYlUxhzIzKv0AHHgAfSmOnWvykAQyyykDG6V8mjlb0FNFxTtByZ5z0zG/EGv3OoXVlHotzIYQzs7wRyHecYUZCHzOQQPenPw6dZJka9tgkTOCN3EnTGNoJHh1z9KeEByCOMHiudtiE9cc43Vblondqj3ouQrE/wopZvsBmrEJxkcj2pJ8QardWMC/s6Z4LgyqC4AI25568YIoG1+KzNrj22wy2oQKEt37Tv9cnAwuPesqBwNVKiTRMjg94YyDj7eVJpfhq1lu1nlmnk5O5XfIcHwJpwHBXcK9zxkUORrArLSbKxDLbwhcnIbx6k9frQV5bNtywV1UkHf4j0wKcPznPSh5gcBl64Ix0NLLehX1Zgr4XoR+wl7KIg4AVTj69fpQCWxA3Ss0shO4s5zz7eFa/U1hWPJ3DceFxk5x54pdEqXNtLBd2PycsJO2Rx3pfLDZxzXPLlX6MoSloSRR/MXEcCSxqZDgNI21R7mqr+3eyl7OWSJsjIaOQMpHnmrBDONRtRCoaUSqoUHBz/AIetO/iHTBcalZRSvNHLLuyQu8AAdB5GpuO6DHByi35MqitLII41Z3JwFUZJ9qu/Z9//APD7z/27/wBq0MekT2EEklpEZJRwSr9mceYyc9PUZpe0urBiBrGodfFT/atwvyMvpfkCmtO0kMscjNArfkz4kedUQTmBzG6ByjhmwRwD4fbxo6Kw1Ls5IjbStM/ekHB2ccfqKHWyumdpZLOcbeGVlAzgjoP8+la472K4KcvYmM7SaeC4SFYo8OoYE97CZ5z51o9Ji2yyr2YDcEc/l9PpWLE81td9iqFeAu11IKqOSB59K12lXUqIu4ROTztibr9/LzNB5FHslyqVMbyIwjPZqpbrz40Lb3N007JIIljXkpKdwbPQ48xUHlUyo7Ha5yO+wBAz74NKryZVuwHkKFlA7jhiSW4BGeP1oZGpLfR047TuPZoW7RLGT5fdNdf+WSRs59OMAe56UVBcSPBte3jgzkEK5ZuDgkMT0z0x4VmF+IorNZFkVmdRvQAE7/QnoP8Aei/2/Y/LySJMssygMIICWkPGSoz3T18DxT7cU30PFvddjHYhE0U8ktzG+fw523hFI5GD4e9TS4toOxiLBRINsfZsu0ccZ9PD61mTreqTXCNY6NcsGyc3cqxiM4xjKjPXnxqmTR9Qv5be+1e7tYnh4zaxDeBn+M8n7U0I8Ze7o2SUa9zth2o31wl9dWaabPHc7uHjRSJAfMnGPrmvIdJlur0X2psqOUCC3hAA2jnDMB3uT6Vdot1azzyW9r2jsBuye8zeufGmTAg9PXnilTr7STyNq/B6uEQJGAoAxxXi90dOfMVUznHHP1qBc+dI2I/guL88YxViydKCLGrI23MFU949OcVjLYTJchEMj8IDjPrUbW/iuJOzgDuQMscdPKs/8RvrMUsUmnxxTx4DHLDA9+KX2/xFr7XQC6QSynd+FJt/pz7GnV+DrjDEo1Ls3+O7uPTxNA6xNbJpczzF2iePB7PJJDceHP6VmNb1fW2vPmW066SMxkdiJkJVic5JHXOB7dK8h+InbT4oJYzbzRxkFd2SPUnjOeeOtWnNRRCbhCPJC24ufhrTji006SeMnBW4ikYP6d8HHuKbWvxjb/KuNM06VViDbI+z27ATkgkDJ48PQClhiuJDtkjcY5OTzjwyPA1dBc3NpGYT2bMcncDgNn6+XnU/Wjd+UBfVe3jQ9X4rtmtrdsXUO4gZaEgZ8stTCDXF7ULdr2O7AQuRkn2FY+a/t2VradTIJ3BxI+CT0I8+BVttNewz/KvIktq35Z1TLoP4G4648QaKyXK3oWGVNNNGofWBLJNHFsMkLlCDNtOcZztweOaXJqt1LcvFtSOSLholBMjjn+LAwcVUl2lvBp1nc5BijwOxXEs6eB45YL5nn+oWuaRazNGbC8lj1EMZYyAxAXjIB6c8DH1otJySTOn8Tp7/AFZJpkFzkx/iKkYTJB525HOfDg4Ndo9xOlsYdTupu0jCkF2Kq2eQDhQSR6Grfh5biW1mg1a0hjeF9odBjcMfm/zyoIjXr3UJNNuJrb5NnKm4TaWHivUnkcU3KW4sMaS5Dm5S7jic3+q2f7N7JZ1lW2DSSufyocnA9yOK5zJPHFJfyjT3TbFGqkd5WbGQRgrjnu9Dmlmo2tygt7M39pcx8pMZFXthx0GOvvir9Ju1TTpbGTT5NVkgzHLvZFyv7u4scdMefSm5rjpWB1btnkBluL1NWk1CSeUO8ALxbGRQeBg+vgAB061cdWjBw8+WHU9mhyftSie4khmEN8HtraVfwodwaRXXJwzAc8Y5zQR1cg4+VnHosq4qeSKkNGajqx7b9tbxDF2DDuY4aXOcdRnrVRvU7ZjcJM8WMje2cc9Ac54pn3lKTWkasE27kmUbEP7xPiRnj6U9+JYYtctbO1tIsCB1M0oTaFRhk7feuLHwld6OLBJq3F0Y+6ubCa+t53WRnUdk2E5bx/lTy0LLCJI7WUI7bFWNfHHAwad3mjWfykS2cm2SCPMUhI3Mp458zyDz5UknkvBGttLdItlHiVX6mQdBx48edJKEZrTFeNNttlF1FNf26pc2vaxyIG7J0HaKOnIzSgaVpwvNhtzEFHeVSQR58eFEQwtf30iWUUsgKhpg0uA56Keegz/Sj7fQri8lFlFIIJyuGZ+A2OoPuMirxjN6sMeVlVtpWiMytbdkGJ7MwyPhi2OCM9femd9pmnfDsNvdbYo7dsDdBGSST4ZFT07QdHluJoJ9OjkigHedzuDMOhU5OOf9q9uo7qSSCSy3zRpnBkJKxtng8Hr9v1qy+2mzqiuLFw1i0eWPsTL3g2N8ZC5UeZqjVNdSaBLWK2uQhjO7Cjc5JxnPl41odeW1Ogb3HaXRVsMx6k9do8Ov6VlrZrUWAy8zzFSrSFP6YHgPDypG4pIXM7einSLu5tvx7aARyqCDuO3jODWhuNVeXUU/aNsqAIpxZkzbk5w33yKx4guJICsiFlXw390tgeHhTrS7fZHDIlzJ257vYxnaxz4HnkUsskV2D6SPOfp2Mbi+t3bEKsoaTgMhXivJJAi7n7oP5SRwf7VRrkkyC2V7m5J3A4lkbZ0OQBnHXH2pDF8USyzNY6gwtLhjsW4l/Jt8z600FyinHZXLCEsjTZs9Jisbx5IZrhvmMbkiXAYr/EM/mFJPicxWl2thZXjtJIQDL2ZCxndjazdAc/rxVH/DumWlubmC+muowT8uVk/E348G/dXxOPai9IvdRstHZNUtY44nlCIq47R2I/McDve5x7c0/tV7B6dR6Ao75byRrH4vnurecDZAiDs4pvIhvP0pk3b2MyM0WLZFJeeaQAr4+2Koufk/mke5eZmJyIpJCFJx1wDUonhgijSeVrlSMrE3fx5kHwHpip+tGtIj6sHqXZDVZ0nt4pkuBFbMu5pR4gjP9vvSVe0ZUGOzjTJUMAWPrn6+NM9Sv3uNh7NSsZ7qhBwoGBx0A4pKbt7yFpoAkpQ7mBY7VI/T3pLu3RySat0SMjWxDJOWyeEGSRxz70XbfLzRSkqB2XddSPEjOf8AP60h7eWXMbyuYi3dVePpnxFNIblLSONJMq+3YWZiSwHAOftRmmlaNWroGKQXDFpViCAjCgYxzyRz/L+tEpCoSJJJTIgbOVQgEj+Y8Kviu5cI7bNvGUVTkAeOc+GaovPxpj8szuT3gk0hI9MZOBzRi3N0hl73SDG1W5uYoVVo/wABSkZKYI4xw3l6eoqafMJElwgabg5jRQnaYHHJPr9aU2888s2xuzMWD3peecnj7+VHWZXIR5VY7cbWLD9B50VeOWx8ep1NnlzPnUIO0RTHcjsiso3BG9h6Z+1HSWS3ltcyxajap8vtZISgAdwf1486Av8ATFazuAJIYcd6MIAoDZ4IHnn1oHR7pCnaagk3aRNh0j6O3mMcA1dThL3HTGUVGrHl0sbRGSCe5BQhmjitkXeRyeOvOfCll0iRajFdNGrRlcXEbZAx4N9Dx9aeNeRmF00Z4l24Q5bvFuvHtwOev0oKC6EQ/ZzxiSW4Y5Kd0EnqMjkeIyPSuaOWVVRWWJ8lJuu9+AD4na1XSkkt2hUyODuSM7icZOWPTikCXF6UUraXQXHH4JP9K1sWjrOUj1N2NpHyoeMAhs97dn9304zTiLUGhiSJbpFVFCgLKQAB5CrY80YxrsEcXqbkxHDqdzHp0U+4M0wJcMMqSGIzitf8O3MpvdWs5G7WKFlWMyd5kUxhtoJ8M5+9dXVCKVSOOGrEkt/cXl5awzsGjO7K48nCD7A0wvNJt4dNaON5QDK2TuycAjA9q6upetI0uyz/APzTS7W4uNQlmVndT2QO48L1plrdikeqG1jlmVGlQZD84GCK6uqk9Mr+KLdVhFlb9nAzDBIDcZ8/Y/Wr9GsITpjmTc+24xgnGePHGK6uov8AI6EvahW8wvtFkiuYY2VZWjQ4IKLlR3Tnj8x5qF5oVlY6pbtD2rAYl2yPuUkA4yD4cV7XVDM3a/ucuVe1ifXFibSI71beJLnunei45OCT6/Ws5ZqVmEm9i4AcEn97aef1rq6m+n3h2XpetEsv7q4At5Gmd2clCXOeFBIquaOHVYSt3DGccZUYNdXVdLjJUQy/1mZya5ufh65D6ZdSoN5GxyGXgeRFbf4P1281y9T9pCGUrB3Tsxjp4dK8rqf6lLjZVSddi/4omaC8kjjAAMZZc5O09OPvVaBo7ZAkjgKpJHnljx7cV1dXPHpHEl2CabdSzzDcQA86pgdAOR9+6OtHQWlvbBkjiG3fKCrEkHAPhXtdTS0LPpkZn3rcXLIheIkxqVyq8eX1qudkSxiniiSNtu3C5x1Hhn1NdXVWP9NHT+IDDNLILpd5VQsjAKB1Ubh/L/aoSJ2mnS3hZhKVVcA8deuPOurqfEhcXYxvo1j7PZkYRR15PHn1qMQMdtAd7HtwxfPo4A6V1dUM4+ZJtWOv2bb2+qxWh3ywtGXYSHqfpirp9Js4pEkSMhSmezz3c5A/rXV1cib5HT9JjhKCtB0en2unRH5WBEYty+MsfDk/Ss5rV5J8pDKQu+QkkgYxhj0x7CurqrDey/1jceKiO7R2u7FUnwyzStE42gDbkUjm0iHtnxNMBuPAK8fpXldRR148cZY02j//2Q=="
